ƒ‡Ú‡ ¬ÂÏˇ,√œ√” 1 ,√œ√” 2 ,√œ√” 3 ,√œ√” 4 ,√œ√” 5 
11.06.2020 15:29:12,767,768,1713,1703,1602
11.06.2020 15:29:13,771,770,1705,1692,1624
11.06.2020 15:29:14,748,754,1672,1679,1551
11.06.2020 15:29:15,763,763,1685,1673,1612
11.06.2020 15:29:16,749,749,1650,1644,1578
11.06.2020 15:29:17,772,769,1718,1720,1616
11.06.2020 15:29:18,775,765,1725,1702,1632
11.06.2020 15:29:20,760,757,1675,1674,1596
11.06.2020 15:29:21,775,774,1724,1708,1633
11.06.2020 15:29:22,755,756,1675,1685,1598
11.06.2020 15:29:23,761,761,1694,1687,1610
11.06.2020 15:29:24,761,764,1707,1699,1630
11.06.2020 15:29:25,768,760,1716,1704,1643
11.06.2020 15:29:26,768,766,1703,1684,1633
11.06.2020 15:29:27,762,762,1679,1682,1638
11.06.2020 15:29:28,763,764,1692,1660,1628
11.06.2020 15:29:30,766,766,1701,1690,1656
11.06.2020 15:29:31,775,768,1694,1696,1677
11.06.2020 15:29:32,764,766,1696,1697,1662
11.06.2020 15:29:33,771,763,1708,1690,1675
11.06.2020 15:29:34,760,759,1671,1673,1619
11.06.2020 15:29:35,769,763,1702,1692,1669
11.06.2020 15:29:36,758,755,1679,1674,1656
11.06.2020 15:29:37,771,766,1678,1690,1664
11.06.2020 15:29:38,764,767,1681,1687,1673
11.06.2020 15:29:39,770,766,1691,1687,1683
11.06.2020 15:29:40,764,756,1676,1674,1659
11.06.2020 15:29:41,759,758,1653,1640,1663
11.06.2020 15:29:42,767,757,1671,1685,1689
11.06.2020 15:29:43,763,761,1707,1695,1693
11.06.2020 15:29:44,768,768,1685,1685,1689
11.06.2020 15:29:45,761,767,1673,1662,1695
11.06.2020 15:29:47,751,757,1633,1647,1661
11.06.2020 15:29:48,756,755,1636,1623,1664
11.06.2020 15:29:49,767,762,1677,1683,1695
11.06.2020 15:29:50,761,762,1660,1675,1697
11.06.2020 15:29:51,765,766,1690,1689,1704
11.06.2020 15:29:52,764,761,1665,1668,1687
11.06.2020 15:29:53,763,760,1658,1678,1708
11.06.2020 15:29:54,758,758,1665,1665,1700
11.06.2020 15:29:55,753,748,1626,1616,1671
11.06.2020 15:29:56,764,761,1664,1684,1708
11.06.2020 15:29:57,764,756,1655,1694,1702
11.06.2020 15:29:58,764,759,1646,1666,1723
11.06.2020 15:29:59,758,757,1636,1653,1708
11.06.2020 15:30:00,765,760,1650,1674,1731
11.06.2020 15:30:01,772,766,1678,1695,1751
11.06.2020 15:30:03,764,764,1641,1660,1722
11.06.2020 15:30:04,770,771,1676,1677,1741
11.06.2020 15:30:05,769,765,1658,1674,1722
11.06.2020 15:30:06,773,770,1667,1698,1758
11.06.2020 15:30:07,766,766,1646,1673,1743
11.06.2020 15:30:08,762,768,1637,1646,1734
11.06.2020 15:30:09,763,758,1632,1666,1733
11.06.2020 15:30:10,758,761,1631,1657,1721
11.06.2020 15:30:11,759,757,1594,1635,1725
11.06.2020 15:30:12,748,747,1599,1611,1706
11.06.2020 15:30:13,765,762,1618,1667,1734
11.06.2020 15:30:14,755,747,1600,1626,1705
11.06.2020 15:30:15,766,756,1624,1650,1741
11.06.2020 15:30:16,774,766,1633,1668,1773
11.06.2020 15:30:17,770,765,1634,1665,1767
11.06.2020 15:30:19,773,764,1619,1673,1735
11.06.2020 15:30:20,761,763,1610,1646,1757
11.06.2020 15:30:21,768,767,1614,1663,1764
11.06.2020 15:30:22,766,762,1616,1658,1767
11.06.2020 15:30:23,766,761,1612,1655,1761
11.06.2020 15:30:24,776,774,1646,1674,1787
11.06.2020 15:30:25,761,757,1603,1647,1758
11.06.2020 15:30:26,761,764,1610,1663,1748
11.06.2020 15:30:27,767,754,1616,1661,1770
11.06.2020 15:30:28,772,769,1630,1675,1789
11.06.2020 15:30:29,761,762,1599,1640,1759
11.06.2020 15:30:30,768,762,1611,1666,1755
11.06.2020 15:30:31,767,765,1617,1676,1761
11.06.2020 15:30:33,761,767,1618,1644,1752
11.06.2020 15:30:34,764,758,1592,1645,1761
11.06.2020 15:30:35,765,755,1615,1661,1746
11.06.2020 15:30:36,765,759,1597,1652,1758
11.06.2020 15:30:37,756,756,1581,1650,1722
11.06.2020 15:30:38,775,771,1633,1698,1793
11.06.2020 15:30:39,769,773,1603,1660,1755
11.06.2020 15:30:40,769,766,1618,1678,1773
11.06.2020 15:30:41,774,773,1608,1675,1782
11.06.2020 15:30:42,764,771,1611,1650,1752
11.06.2020 15:30:43,770,766,1605,1669,1761
11.06.2020 15:30:44,774,775,1625,1688,1756
11.06.2020 15:30:45,767,770,1605,1652,1738
11.06.2020 15:30:46,770,762,1605,1680,1780
11.06.2020 15:30:47,763,759,1590,1668,1751
11.06.2020 15:30:49,766,766,1590,1681,1769
11.06.2020 15:30:50,767,763,1599,1674,1725
11.06.2020 15:30:51,767,759,1585,1669,1750
11.06.2020 15:30:52,765,762,1606,1681,1756
11.06.2020 15:30:53,770,763,1596,1685,1748
11.06.2020 15:30:54,765,753,1569,1669,1710
11.06.2020 15:30:55,771,770,1604,1687,1757
11.06.2020 15:30:56,763,756,1578,1657,1710
11.06.2020 15:30:57,766,761,1617,1685,1733
11.06.2020 15:30:58,774,771,1610,1683,1741
11.06.2020 15:30:59,769,766,1602,1679,1731
11.06.2020 15:31:00,761,756,1585,1662,1706
11.06.2020 15:31:01,772,766,1616,1681,1696
11.06.2020 15:31:02,768,765,1599,1682,1717
11.06.2020 15:31:03,769,767,1600,1674,1741
11.06.2020 15:31:04,758,757,1581,1657,1706
11.06.2020 15:31:05,759,758,1586,1671,1685
11.06.2020 15:31:07,772,770,1596,1687,1713
11.06.2020 15:31:08,778,772,1608,1718,1734
11.06.2020 15:31:09,774,778,1628,1689,1709
11.06.2020 15:31:10,759,758,1566,1665,1685
11.06.2020 15:31:11,761,762,1594,1673,1681
11.06.2020 15:31:12,772,767,1599,1710,1703
11.06.2020 15:31:13,751,751,1540,1659,1666
11.06.2020 15:31:14,760,764,1568,1646,1667
11.06.2020 15:31:15,757,757,1560,1673,1670
11.06.2020 15:31:16,768,772,1588,1691,1678
11.06.2020 15:31:17,764,766,1591,1701,1679
11.06.2020 15:31:18,755,758,1575,1666,1645
11.06.2020 15:31:19,770,770,1596,1707,1689
11.06.2020 15:31:20,762,769,1613,1705,1666
11.06.2020 15:31:22,766,762,1598,1695,1655
11.06.2020 15:31:23,767,765,1591,1712,1677
11.06.2020 15:31:24,765,762,1565,1702,1650
11.06.2020 15:31:25,774,773,1623,1708,1654
11.06.2020 15:31:26,767,766,1596,1699,1609
11.06.2020 15:31:27,762,765,1596,1685,1620
11.06.2020 15:31:28,767,765,1627,1718,1651
11.06.2020 15:31:30,764,766,1621,1689,1611
11.06.2020 15:31:31,769,772,1620,1716,1652
11.06.2020 15:31:32,764,764,1603,1709,1653
11.06.2020 15:31:33,767,771,1617,1709,1608
11.06.2020 15:31:34,764,765,1615,1724,1637
11.06.2020 15:31:35,763,765,1623,1703,1627
11.06.2020 15:31:36,766,765,1601,1701,1629
11.06.2020 15:31:37,758,754,1603,1713,1629
11.06.2020 15:31:38,774,768,1625,1721,1648
11.06.2020 15:31:39,772,773,1638,1735,1647
11.06.2020 15:31:40,758,755,1599,1706,1638
11.06.2020 15:31:41,766,768,1637,1732,1639
11.06.2020 15:31:42,764,762,1635,1719,1647
11.06.2020 15:31:44,764,759,1625,1712,1654
11.06.2020 15:31:45,772,766,1664,1765,1657
11.06.2020 15:31:46,764,765,1634,1718,1656
11.06.2020 15:31:47,770,770,1656,1751,1694
11.06.2020 15:31:48,768,762,1623,1725,1671
11.06.2020 15:31:49,772,769,1659,1740,1678
11.06.2020 15:31:50,774,763,1670,1751,1698
11.06.2020 15:31:51,758,759,1617,1708,1657
11.06.2020 15:31:52,773,776,1677,1738,1655
11.06.2020 15:31:53,774,764,1666,1743,1710
11.06.2020 15:31:54,764,764,1641,1715,1660
11.06.2020 15:31:55,765,765,1639,1729,1691
11.06.2020 15:31:56,760,761,1642,1729,1668
11.06.2020 15:31:57,766,764,1648,1726,1668
11.06.2020 15:31:58,767,772,1671,1758,1720
11.06.2020 15:32:00,763,767,1672,1746,1709
11.06.2020 15:32:01,765,768,1657,1752,1695
11.06.2020 15:32:02,761,764,1649,1714,1690
11.06.2020 15:32:03,770,766,1662,1743,1689
11.06.2020 15:32:04,762,766,1652,1718,1691
11.06.2020 15:32:05,775,772,1684,1707,1724
11.06.2020 15:32:06,765,764,1664,1723,1703
11.06.2020 15:32:07,767,767,1674,1722,1702
11.06.2020 15:32:08,762,756,1667,1738,1715
11.06.2020 15:32:09,764,760,1663,1717,1703
11.06.2020 15:32:10,769,769,1666,1728,1714
11.06.2020 15:32:11,766,768,1674,1737,1719
11.06.2020 15:32:12,768,771,1658,1737,1690
11.06.2020 15:32:13,762,764,1655,1715,1709
11.06.2020 15:32:14,778,778,1695,1749,1725
11.06.2020 15:32:16,765,767,1654,1715,1713
11.06.2020 15:32:17,768,765,1685,1744,1740
11.06.2020 15:32:18,769,763,1661,1723,1711
11.06.2020 15:32:20,773,770,1687,1737,1737
11.06.2020 15:32:21,768,759,1670,1731,1755
11.06.2020 15:32:22,763,761,1658,1711,1702
11.06.2020 15:32:23,770,769,1646,1742,1739
11.06.2020 15:32:24,771,766,1675,1737,1734
11.06.2020 15:32:25,769,771,1685,1733,1736
11.06.2020 15:32:26,778,772,1691,1751,1721
11.06.2020 15:32:27,759,759,1689,1711,1742
11.06.2020 15:32:28,765,762,1662,1705,1718
11.06.2020 15:32:29,769,765,1683,1720,1737
11.06.2020 15:32:30,765,766,1657,1696,1733
11.06.2020 15:32:31,768,764,1695,1734,1745
11.06.2020 15:32:32,772,772,1714,1744,1758
11.06.2020 15:32:34,765,762,1685,1720,1710
11.06.2020 15:32:35,760,764,1667,1701,1718
11.06.2020 15:32:36,768,768,1686,1707,1750
11.06.2020 15:32:37,766,763,1667,1711,1730
11.06.2020 15:32:38,768,772,1689,1724,1736
11.06.2020 15:32:39,774,766,1689,1697,1758
11.06.2020 15:32:40,766,761,1688,1694,1732
11.06.2020 15:32:41,772,774,1690,1701,1739
11.06.2020 15:32:42,761,757,1652,1654,1698
11.06.2020 15:32:43,776,774,1708,1726,1782
11.06.2020 15:32:44,764,763,1674,1682,1723
11.06.2020 15:32:46,769,766,1674,1698,1712
11.06.2020 15:32:47,770,771,1691,1699,1715
11.06.2020 15:32:48,767,768,1688,1708,1728
11.06.2020 15:32:49,771,763,1699,1714,1731
11.06.2020 15:32:50,762,759,1674,1684,1694
11.06.2020 15:32:51,769,761,1685,1682,1739
11.06.2020 15:32:52,764,766,1684,1682,1681
11.06.2020 15:32:53,770,774,1686,1714,1696
11.06.2020 15:32:54,769,766,1697,1692,1711
11.06.2020 15:32:55,764,772,1698,1708,1684
11.06.2020 15:32:56,773,766,1710,1691,1733
11.06.2020 15:32:57,761,762,1684,1671,1665
11.06.2020 15:32:58,766,767,1680,1691,1697
11.06.2020 15:32:59,764,763,1697,1676,1695
11.06.2020 15:33:01,772,769,1708,1700,1695
11.06.2020 15:33:02,767,762,1681,1686,1683
11.06.2020 15:33:03,764,763,1681,1668,1667
11.06.2020 15:33:04,767,767,1685,1694,1692
11.06.2020 15:33:05,780,776,1737,1737,1716
11.06.2020 15:33:06,769,766,1711,1701,1717
11.06.2020 15:33:07,772,766,1705,1694,1702
11.06.2020 15:33:08,764,763,1697,1676,1682
11.06.2020 15:33:09,767,764,1713,1685,1681
11.06.2020 15:33:10,762,766,1689,1646,1645
11.06.2020 15:33:11,767,771,1711,1695,1681
11.06.2020 15:33:12,756,758,1664,1651,1624
11.06.2020 15:33:13,764,764,1685,1667,1614
11.06.2020 15:33:14,774,771,1714,1695,1662
11.06.2020 15:33:16,769,771,1704,1695,1660
11.06.2020 15:33:17,762,762,1673,1663,1627
11.06.2020 15:33:18,770,768,1709,1689,1675
11.06.2020 15:33:19,775,769,1722,1676,1663
11.06.2020 15:33:20,770,770,1712,1692,1631
11.06.2020 15:33:21,761,769,1703,1670,1649
11.06.2020 15:33:22,768,761,1698,1671,1634
11.06.2020 15:33:23,768,774,1695,1665,1627
11.06.2020 15:33:24,769,762,1718,1676,1637
11.06.2020 15:33:25,779,773,1744,1697,1662
11.06.2020 15:33:26,779,774,1722,1699,1678
11.06.2020 15:33:27,778,770,1713,1691,1687
11.06.2020 15:33:28,780,774,1708,1710,1684
11.06.2020 15:33:29,774,768,1721,1697,1685
11.06.2020 15:33:30,771,771,1707,1698,1652
11.06.2020 15:33:32,777,770,1727,1683,1674
11.06.2020 15:33:33,772,775,1701,1696,1659
11.06.2020 15:33:34,782,774,1737,1723,1673
11.06.2020 15:33:35,766,766,1686,1650,1643
11.06.2020 15:33:36,770,763,1696,1678,1673
11.06.2020 15:33:37,766,765,1666,1659,1640
11.06.2020 15:33:38,775,766,1690,1690,1688
11.06.2020 15:33:39,778,773,1721,1702,1699
11.06.2020 15:33:40,776,772,1710,1707,1707
11.06.2020 15:33:41,780,774,1707,1698,1713
11.06.2020 15:33:42,779,778,1707,1706,1698
11.06.2020 15:33:43,769,767,1684,1668,1681
11.06.2020 15:33:44,778,777,1717,1708,1693
11.06.2020 15:33:46,770,774,1671,1674,1670
11.06.2020 15:33:47,780,776,1694,1697,1696
11.06.2020 15:33:48,777,772,1691,1701,1702
11.06.2020 15:33:49,777,774,1702,1702,1695
11.06.2020 15:33:50,770,768,1686,1679,1687
11.06.2020 15:33:51,770,775,1679,1699,1683
11.06.2020 15:33:52,756,757,1633,1659,1643
11.06.2020 15:33:53,777,776,1690,1715,1696
11.06.2020 15:33:54,771,772,1690,1702,1704
11.06.2020 15:33:55,768,764,1678,1691,1714
11.06.2020 15:33:56,777,778,1702,1720,1731
11.06.2020 15:33:57,768,763,1694,1694,1705
11.06.2020 15:33:59,765,771,1678,1694,1698
11.06.2020 15:34:00,770,769,1680,1706,1726
11.06.2020 15:34:01,772,775,1687,1728,1713
11.06.2020 15:34:02,768,772,1659,1703,1729
11.06.2020 15:34:03,764,764,1662,1709,1732
11.06.2020 15:34:04,768,766,1668,1714,1744
11.06.2020 15:34:05,771,771,1680,1709,1745
11.06.2020 15:34:06,770,767,1674,1713,1723
11.06.2020 15:34:07,763,764,1673,1710,1716
11.06.2020 15:34:08,769,773,1673,1738,1770
11.06.2020 15:34:09,762,758,1661,1695,1725
11.06.2020 15:34:11,771,772,1657,1733,1731
11.06.2020 15:34:12,767,759,1662,1718,1751
11.06.2020 15:34:13,779,774,1681,1747,1780
11.06.2020 15:34:14,784,779,1714,1764,1811
11.06.2020 15:34:15,768,760,1659,1712,1762
11.06.2020 15:34:16,774,772,1679,1734,1792
11.06.2020 15:34:17,766,767,1665,1746,1762
11.06.2020 15:34:18,766,764,1647,1729,1764
11.06.2020 15:34:19,774,770,1669,1730,1792
11.06.2020 15:34:20,771,768,1656,1728,1777
11.06.2020 15:34:21,776,778,1688,1747,1806
11.06.2020 15:34:23,780,778,1692,1740,1793
11.06.2020 15:34:24,769,769,1650,1731,1762
11.06.2020 15:34:25,767,769,1659,1736,1773
11.06.2020 15:34:26,769,768,1667,1748,1768
11.06.2020 15:34:27,766,772,1631,1717,1783
11.06.2020 15:34:28,773,770,1683,1762,1778
11.06.2020 15:34:29,772,768,1651,1752,1792
11.06.2020 15:34:30,772,769,1663,1764,1788
11.06.2020 15:34:31,770,766,1658,1736,1775
11.06.2020 15:34:32,766,765,1632,1738,1756
11.06.2020 15:34:33,771,768,1664,1734,1775
11.06.2020 15:34:34,759,759,1633,1724,1750
11.06.2020 15:34:36,770,767,1652,1737,1763
11.06.2020 15:34:37,771,771,1664,1744,1763
11.06.2020 15:34:38,764,760,1650,1757,1729
11.06.2020 15:34:39,772,769,1668,1762,1768
11.06.2020 15:34:40,762,762,1638,1721,1722
11.06.2020 15:34:41,766,763,1631,1739,1737
11.06.2020 15:34:42,766,766,1635,1717,1729
11.06.2020 15:34:43,774,765,1657,1759,1744
11.06.2020 15:34:44,769,769,1641,1752,1753
11.06.2020 15:34:45,758,758,1637,1733,1716
11.06.2020 15:34:46,764,762,1638,1731,1716
11.06.2020 15:34:47,775,775,1682,1780,1734
11.06.2020 15:34:48,777,770,1669,1765,1746
11.06.2020 15:34:50,768,764,1628,1746,1711
11.06.2020 15:34:51,758,760,1628,1756,1691
11.06.2020 15:34:52,776,774,1665,1744,1738
11.06.2020 15:34:53,774,769,1653,1763,1706
11.06.2020 15:34:54,775,768,1640,1767,1702
11.06.2020 15:34:55,765,760,1621,1745,1673
11.06.2020 15:34:56,765,762,1636,1748,1665
11.06.2020 15:34:57,766,769,1633,1743,1676
11.06.2020 15:34:58,770,770,1665,1746,1678
11.06.2020 15:34:59,780,778,1670,1791,1702
11.06.2020 15:35:00,775,770,1671,1779,1675
11.06.2020 15:35:02,771,769,1647,1745,1653
11.06.2020 15:35:03,760,758,1624,1732,1608
11.06.2020 15:35:04,773,769,1661,1760,1650
11.06.2020 15:35:05,760,760,1632,1731,1625
11.06.2020 15:35:06,768,767,1660,1752,1648
11.06.2020 15:35:07,769,773,1651,1737,1610
11.06.2020 15:35:08,774,773,1660,1753,1660
11.06.2020 15:35:09,775,777,1664,1751,1646
11.06.2020 15:35:10,765,762,1640,1739,1627
11.06.2020 15:35:11,766,767,1651,1753,1619
11.06.2020 15:35:12,759,767,1625,1713,1590
11.06.2020 15:35:13,775,774,1660,1745,1612
11.06.2020 15:35:15,771,771,1666,1741,1646
11.06.2020 15:35:16,771,769,1665,1740,1637
11.06.2020 15:35:17,768,764,1667,1729,1618
11.06.2020 15:35:18,772,767,1654,1741,1612
11.06.2020 15:35:19,764,764,1629,1721,1614
11.06.2020 15:35:20,768,770,1650,1732,1622
11.06.2020 15:35:21,768,765,1639,1708,1614
11.06.2020 15:35:22,774,774,1663,1730,1622
11.06.2020 15:35:23,769,768,1652,1685,1626
11.06.2020 15:35:24,778,775,1673,1747,1653
11.06.2020 15:35:25,765,768,1639,1729,1617
11.06.2020 15:35:26,767,763,1611,1718,1603
11.06.2020 15:35:27,768,764,1641,1743,1619
11.06.2020 15:35:28,775,772,1651,1734,1650
11.06.2020 15:35:30,776,773,1645,1745,1661
11.06.2020 15:35:31,761,758,1612,1702,1597
11.06.2020 15:35:32,765,762,1627,1731,1613
11.06.2020 15:35:33,770,767,1635,1747,1665
11.06.2020 15:35:34,768,765,1626,1711,1653
11.06.2020 15:35:35,762,761,1633,1708,1611
11.06.2020 15:35:36,766,766,1617,1718,1655
11.06.2020 15:35:37,768,768,1631,1729,1654
11.06.2020 15:35:38,766,762,1644,1742,1659
11.06.2020 15:35:39,765,760,1631,1717,1640
11.06.2020 15:35:40,764,767,1618,1710,1643
11.06.2020 15:35:41,763,758,1610,1705,1660
11.06.2020 15:35:42,757,754,1606,1686,1640
11.06.2020 15:35:44,770,767,1637,1717,1678
11.06.2020 15:35:45,768,771,1639,1704,1662
11.06.2020 15:35:46,768,761,1614,1706,1670
11.06.2020 15:35:47,769,764,1638,1711,1690
11.06.2020 15:35:48,757,758,1605,1685,1656
11.06.2020 15:35:49,770,769,1639,1731,1682
11.06.2020 15:35:50,762,763,1625,1706,1703
11.06.2020 15:35:51,769,763,1616,1723,1702
11.06.2020 15:35:52,766,763,1621,1701,1694
11.06.2020 15:35:53,769,772,1647,1708,1692
11.06.2020 15:35:54,765,763,1608,1723,1693
11.06.2020 15:35:55,762,759,1626,1708,1728
11.06.2020 15:35:56,770,766,1630,1703,1701
11.06.2020 15:35:57,764,762,1611,1691,1734
11.06.2020 15:35:59,768,763,1626,1718,1726
11.06.2020 15:36:00,762,762,1619,1626,1698
11.06.2020 15:36:01,759,762,1621,1700,1716
11.06.2020 15:36:02,764,766,1622,1684,1719
11.06.2020 15:36:03,763,761,1600,1704,1704
11.06.2020 15:36:04,770,764,1603,1703,1738
11.06.2020 15:36:05,768,759,1617,1698,1752
11.06.2020 15:36:06,759,759,1591,1670,1725
11.06.2020 15:36:07,778,769,1626,1731,1786
11.06.2020 15:36:08,762,761,1595,1678,1731
11.06.2020 15:36:09,768,763,1615,1703,1722
11.06.2020 15:36:10,762,767,1594,1698,1746
11.06.2020 15:36:11,766,761,1599,1677,1743
11.06.2020 15:36:13,761,754,1593,1671,1742
11.06.2020 15:36:14,771,767,1615,1709,1753
11.06.2020 15:36:15,758,759,1580,1664,1716
11.06.2020 15:36:16,760,763,1594,1681,1765
11.06.2020 15:36:17,758,758,1593,1680,1736
11.06.2020 15:36:18,758,756,1573,1675,1725
11.06.2020 15:36:19,759,762,1592,1666,1724
11.06.2020 15:36:20,760,758,1609,1688,1717
11.06.2020 15:36:21,757,762,1596,1664,1707
11.06.2020 15:36:22,764,766,1622,1678,1722
11.06.2020 15:36:23,753,756,1577,1645,1716
11.06.2020 15:36:24,765,763,1594,1688,1745
11.06.2020 15:36:25,767,764,1621,1675,1759
11.06.2020 15:36:26,770,769,1633,1687,1747
11.06.2020 15:36:28,762,760,1628,1687,1740
11.06.2020 15:36:29,764,761,1619,1675,1743
11.06.2020 15:36:30,763,757,1611,1703,1747
11.06.2020 15:36:31,758,763,1617,1675,1706
11.06.2020 15:36:32,767,764,1610,1671,1736
11.06.2020 15:36:33,761,765,1588,1649,1705
11.06.2020 15:36:34,759,758,1587,1657,1705
11.06.2020 15:36:35,754,753,1577,1639,1734
11.06.2020 15:36:37,764,761,1596,1654,1715
11.06.2020 15:36:38,774,770,1618,1680,1744
11.06.2020 15:36:39,776,771,1620,1679,1759
11.06.2020 15:36:40,764,766,1611,1659,1715
11.06.2020 15:36:41,770,772,1596,1667,1703
11.06.2020 15:36:42,765,764,1600,1669,1715
11.06.2020 15:36:43,769,769,1585,1656,1712
11.06.2020 15:36:44,766,767,1569,1645,1692
11.06.2020 15:36:45,770,770,1591,1649,1701
11.06.2020 15:36:47,770,766,1577,1635,1681
11.06.2020 15:36:48,766,770,1579,1630,1702
11.06.2020 15:36:49,776,777,1622,1670,1724
11.06.2020 15:36:50,772,762,1587,1642,1693
11.06.2020 15:36:51,772,770,1590,1629,1701
11.06.2020 15:36:52,766,766,1563,1629,1685
11.06.2020 15:36:53,772,771,1611,1661,1700
11.06.2020 15:36:54,767,769,1586,1632,1672
11.06.2020 15:36:55,774,769,1621,1646,1687
11.06.2020 15:36:56,767,764,1592,1640,1680
11.06.2020 15:36:57,773,776,1602,1648,1677
11.06.2020 15:36:58,773,771,1608,1647,1689
11.06.2020 15:37:00,770,764,1600,1631,1664
11.06.2020 15:37:01,772,765,1614,1650,1683
11.06.2020 15:37:02,766,768,1598,1629,1634
11.06.2020 15:37:03,766,766,1582,1614,1652
11.06.2020 15:37:04,766,768,1591,1624,1646
11.06.2020 15:37:05,778,774,1632,1648,1677
11.06.2020 15:37:06,782,774,1634,1673,1693
11.06.2020 15:37:07,765,764,1604,1633,1633
11.06.2020 15:37:08,779,777,1624,1648,1641
11.06.2020 15:37:09,763,765,1605,1617,1638
11.06.2020 15:37:10,776,776,1622,1647,1659
11.06.2020 15:37:11,780,778,1625,1647,1689
11.06.2020 15:37:12,773,781,1590,1632,1614
11.06.2020 15:37:13,771,767,1603,1631,1642
11.06.2020 15:37:14,766,769,1610,1634,1634
11.06.2020 15:37:16,776,769,1599,1636,1638
11.06.2020 15:37:17,767,766,1610,1631,1610
11.06.2020 15:37:18,769,770,1598,1617,1624
11.06.2020 15:37:19,773,766,1616,1651,1646
11.06.2020 15:37:20,775,771,1635,1661,1666
11.06.2020 15:37:21,776,765,1624,1627,1645
11.06.2020 15:37:22,769,769,1590,1641,1632
11.06.2020 15:37:23,775,769,1618,1643,1655
11.06.2020 15:37:24,767,767,1612,1639,1656
11.06.2020 15:37:25,770,773,1615,1649,1650
11.06.2020 15:37:26,766,762,1606,1614,1654
11.06.2020 15:37:27,770,763,1622,1648,1662
11.06.2020 15:37:28,778,776,1626,1663,1699
11.06.2020 15:37:30,766,764,1620,1654,1656
11.06.2020 15:37:31,770,767,1628,1643,1661
11.06.2020 15:37:32,772,767,1627,1669,1689
11.06.2020 15:37:33,766,763,1614,1644,1677
11.06.2020 15:37:34,763,757,1609,1633,1671
11.06.2020 15:37:35,756,756,1604,1627,1656
11.06.2020 15:37:36,775,771,1637,1663,1694
11.06.2020 15:37:37,780,772,1650,1683,1704
11.06.2020 15:37:38,774,772,1641,1667,1693
11.06.2020 15:37:39,766,758,1596,1632,1674
11.06.2020 15:37:40,768,768,1621,1656,1679
11.06.2020 15:37:41,766,765,1640,1660,1685
11.06.2020 15:37:42,768,765,1621,1667,1697
11.06.2020 15:37:44,779,772,1668,1702,1719
11.06.2020 15:37:45,763,757,1642,1660,1698
11.06.2020 15:37:46,766,769,1633,1662,1706
11.06.2020 15:37:47,773,763,1646,1680,1692
11.06.2020 15:37:48,761,762,1623,1678,1704
11.06.2020 15:37:49,761,761,1618,1640,1691
11.06.2020 15:37:50,762,764,1640,1679,1703
11.06.2020 15:37:51,764,766,1647,1656,1677
11.06.2020 15:37:52,770,770,1644,1663,1706
11.06.2020 15:37:53,758,762,1623,1654,1701
11.06.2020 15:37:54,765,768,1646,1665,1712
11.06.2020 15:37:55,756,759,1623,1644,1710
11.06.2020 15:37:56,764,768,1656,1651,1717
11.06.2020 15:37:58,752,752,1615,1651,1714
11.06.2020 15:37:59,762,755,1653,1670,1731
11.06.2020 15:38:00,762,761,1670,1678,1719
11.06.2020 15:38:01,761,762,1664,1677,1745
11.06.2020 15:38:02,763,763,1645,1673,1720
11.06.2020 15:38:03,772,764,1671,1680,1749
11.06.2020 15:38:04,757,759,1655,1661,1714
11.06.2020 15:38:05,754,754,1648,1667,1698
11.06.2020 15:38:06,757,752,1628,1653,1729
11.06.2020 15:38:07,767,766,1674,1688,1756
11.06.2020 15:38:08,758,756,1653,1686,1718
11.06.2020 15:38:09,757,756,1676,1668,1722
11.06.2020 15:38:10,767,766,1697,1703,1758
11.06.2020 15:38:12,764,764,1671,1679,1735
11.06.2020 15:38:13,762,758,1665,1679,1762
11.06.2020 15:38:16,774,776,1709,1731,1790
11.06.2020 15:38:17,761,758,1683,1693,1756
11.06.2020 15:38:18,753,752,1641,1667,1724
11.06.2020 15:38:19,757,752,1692,1660,1785
11.06.2020 15:38:20,767,769,1715,1700,1767
11.06.2020 15:38:21,763,756,1697,1674,1750
11.06.2020 15:38:22,758,755,1654,1669,1725
11.06.2020 15:38:23,760,760,1687,1683,1760
11.06.2020 15:38:24,764,762,1696,1698,1777
11.06.2020 15:38:25,757,754,1678,1672,1724
11.06.2020 15:38:26,764,760,1686,1683,1723
11.06.2020 15:38:28,762,762,1697,1685,1777
11.06.2020 15:38:29,754,754,1657,1675,1713
11.06.2020 15:38:30,761,753,1669,1672,1734
11.06.2020 15:38:31,757,758,1663,1680,1704
11.06.2020 15:38:32,759,757,1669,1689,1734
11.06.2020 15:38:33,758,755,1686,1690,1729
11.06.2020 15:38:34,757,754,1669,1693,1724
11.06.2020 15:38:35,767,763,1676,1699,1743
11.06.2020 15:38:36,749,750,1627,1650,1692
11.06.2020 15:38:37,751,752,1656,1657,1698
11.06.2020 15:38:38,759,760,1678,1697,1704
11.06.2020 15:38:39,765,765,1700,1703,1740
11.06.2020 15:38:40,758,756,1681,1667,1706
11.06.2020 15:38:41,752,752,1668,1667,1686
11.06.2020 15:38:43,764,759,1688,1694,1724
11.06.2020 15:38:44,757,754,1648,1661,1683
11.06.2020 15:38:45,770,763,1699,1694,1712
11.06.2020 15:38:46,769,764,1672,1635,1710
11.06.2020 15:38:47,761,757,1671,1676,1673
11.06.2020 15:38:48,746,752,1639,1664,1661
11.06.2020 15:38:49,765,758,1683,1656,1694
11.06.2020 15:38:50,756,759,1653,1673,1671
11.06.2020 15:38:51,764,765,1669,1686,1673
11.06.2020 15:38:52,757,756,1640,1655,1640
11.06.2020 15:38:53,761,758,1665,1648,1632
11.06.2020 15:38:54,764,754,1660,1675,1637
11.06.2020 15:38:55,761,755,1668,1679,1621
11.06.2020 15:38:57,759,763,1662,1666,1647
11.06.2020 15:38:58,756,760,1667,1670,1628
11.06.2020 15:38:59,759,756,1651,1669,1628
11.06.2020 15:39:00,769,756,1671,1681,1627
11.06.2020 15:39:01,753,748,1627,1661,1618
11.06.2020 15:39:02,768,760,1663,1697,1617
11.06.2020 15:39:03,759,748,1654,1675,1620
11.06.2020 15:39:04,760,760,1657,1687,1631
11.06.2020 15:39:05,759,754,1653,1701,1604
11.06.2020 15:39:06,765,766,1670,1694,1633
11.06.2020 15:39:07,752,754,1623,1683,1577
11.06.2020 15:39:08,752,756,1631,1656,1566
11.06.2020 15:39:09,758,756,1619,1667,1587
11.06.2020 15:39:11,759,761,1643,1694,1618
11.06.2020 15:39:12,765,764,1670,1696,1611
11.06.2020 15:39:13,755,753,1620,1675,1587
11.06.2020 15:39:14,769,771,1656,1703,1615
11.06.2020 15:39:15,759,760,1629,1675,1606
11.06.2020 15:39:16,756,760,1629,1672,1580
11.06.2020 15:39:17,764,767,1662,1690,1621
11.06.2020 15:39:18,760,761,1617,1676,1607
11.06.2020 15:39:19,769,764,1655,1696,1606
11.06.2020 15:39:20,764,765,1665,1721,1632
11.06.2020 15:39:21,762,761,1632,1672,1606
11.06.2020 15:39:22,766,764,1651,1704,1638
11.06.2020 15:39:23,760,756,1629,1677,1625
11.06.2020 15:39:25,759,758,1621,1678,1631
11.06.2020 15:39:26,760,761,1635,1681,1629
11.06.2020 15:39:27,755,760,1615,1681,1600
11.06.2020 15:39:28,771,768,1640,1690,1654
11.06.2020 15:39:29,758,756,1621,1674,1633
11.06.2020 15:39:30,763,763,1617,1699,1638
11.06.2020 15:39:31,757,759,1623,1689,1644
11.06.2020 15:39:32,768,764,1618,1685,1656
11.06.2020 15:39:33,763,756,1602,1685,1638
11.06.2020 15:39:34,762,759,1615,1660,1673
11.06.2020 15:39:35,754,759,1597,1684,1645
11.06.2020 15:39:36,757,754,1600,1667,1645
11.06.2020 15:39:37,777,772,1665,1730,1710
11.06.2020 15:39:38,750,749,1598,1687,1639
11.06.2020 15:39:40,755,760,1615,1687,1654
11.06.2020 15:39:41,762,760,1605,1691,1674
11.06.2020 15:39:42,760,761,1622,1696,1670
11.06.2020 15:39:43,768,767,1631,1720,1702
11.06.2020 15:39:44,754,755,1600,1677,1666
11.06.2020 15:39:45,765,763,1603,1677,1699
11.06.2020 15:39:46,762,761,1630,1726,1715
11.06.2020 15:39:47,770,766,1621,1712,1710
11.06.2020 15:39:48,756,752,1609,1684,1677
11.06.2020 15:39:49,768,764,1631,1720,1716
11.06.2020 15:39:50,769,768,1632,1713,1723
11.06.2020 15:39:51,764,764,1616,1691,1714
11.06.2020 15:39:52,756,756,1594,1660,1669
11.06.2020 15:39:54,779,768,1636,1746,1743
11.06.2020 15:39:55,768,766,1608,1701,1698
11.06.2020 15:39:56,761,761,1609,1706,1703
11.06.2020 15:39:57,758,756,1598,1702,1710
11.06.2020 15:39:58,759,757,1609,1695,1714
11.06.2020 15:39:59,765,761,1607,1713,1761
11.06.2020 15:40:00,774,771,1631,1715,1751
11.06.2020 15:40:01,762,763,1612,1708,1738
11.06.2020 15:40:02,760,750,1589,1708,1715
11.06.2020 15:40:03,760,761,1603,1706,1734
11.06.2020 15:40:04,762,760,1604,1703,1748
11.06.2020 15:40:05,760,760,1605,1726,1722
11.06.2020 15:40:07,763,763,1612,1716,1756
11.06.2020 15:40:08,754,760,1591,1683,1728
11.06.2020 15:40:09,765,766,1618,1702,1752
11.06.2020 15:40:10,764,763,1622,1716,1779
11.06.2020 15:40:11,752,756,1602,1705,1751
11.06.2020 15:40:12,768,760,1631,1730,1802
11.06.2020 15:40:13,767,766,1626,1729,1754
11.06.2020 15:40:15,760,759,1614,1703,1742
11.06.2020 15:40:16,758,763,1622,1709,1754
11.06.2020 15:40:17,755,755,1605,1718,1778
11.06.2020 15:40:18,763,761,1621,1737,1778
11.06.2020 15:40:19,755,757,1586,1693,1751
11.06.2020 15:40:20,764,769,1631,1726,1757
11.06.2020 15:40:21,760,765,1628,1719,1773
11.06.2020 15:40:22,762,761,1626,1700,1755
11.06.2020 15:40:23,755,755,1589,1683,1750
11.06.2020 15:40:24,755,752,1615,1700,1743
11.06.2020 15:40:26,746,745,1589,1679,1700
11.06.2020 15:40:27,756,759,1608,1702,1761
11.06.2020 15:40:28,754,755,1627,1706,1766
11.06.2020 15:40:29,758,756,1620,1694,1772
11.06.2020 15:40:30,754,752,1603,1682,1717
11.06.2020 15:40:31,760,755,1613,1732,1761
11.06.2020 15:40:32,761,756,1618,1710,1797
11.06.2020 15:40:33,752,754,1600,1701,1721
11.06.2020 15:40:34,761,768,1641,1720,1741
11.06.2020 15:40:35,758,756,1614,1729,1772
11.06.2020 15:40:36,760,760,1640,1707,1755
11.06.2020 15:40:37,759,761,1615,1686,1721
11.06.2020 15:40:38,766,757,1632,1708,1735
11.06.2020 15:40:39,772,765,1658,1731,1730
11.06.2020 15:40:41,761,764,1637,1712,1754
11.06.2020 15:40:42,764,772,1647,1708,1716
11.06.2020 15:40:43,762,759,1617,1704,1726
11.06.2020 15:40:44,758,761,1617,1687,1705
11.06.2020 15:40:45,773,764,1630,1697,1735
11.06.2020 15:40:46,769,768,1646,1707,1715
11.06.2020 15:40:47,753,755,1599,1652,1674
11.06.2020 15:40:48,762,762,1606,1663,1689
11.06.2020 15:40:49,772,765,1660,1701,1706
11.06.2020 15:40:50,760,764,1619,1673,1680
11.06.2020 15:40:51,779,770,1656,1709,1713
11.06.2020 15:40:52,768,763,1635,1696,1695
11.06.2020 15:40:53,769,768,1634,1691,1695
11.06.2020 15:40:54,766,760,1643,1669,1670
11.06.2020 15:40:55,760,763,1622,1680,1705
11.06.2020 15:40:57,770,765,1645,1704,1703
11.06.2020 15:40:58,769,766,1648,1707,1671
11.06.2020 15:40:59,766,767,1642,1688,1656
11.06.2020 15:41:00,764,766,1648,1690,1633
11.06.2020 15:41:01,771,769,1650,1701,1664
11.06.2020 15:41:02,766,768,1649,1707,1643
11.06.2020 15:41:03,769,768,1653,1688,1634
11.06.2020 15:41:04,759,767,1636,1662,1614
11.06.2020 15:41:05,769,768,1671,1713,1647
11.06.2020 15:41:06,773,763,1650,1693,1634
11.06.2020 15:41:07,765,767,1641,1678,1641
11.06.2020 15:41:08,773,765,1652,1679,1646
11.06.2020 15:41:09,764,764,1636,1673,1607
11.06.2020 15:41:10,771,769,1645,1696,1646
11.06.2020 15:41:11,774,765,1655,1679,1655
11.06.2020 15:41:13,769,767,1654,1690,1627
11.06.2020 15:41:14,761,759,1629,1671,1622
11.06.2020 15:41:15,773,773,1680,1701,1640
11.06.2020 15:41:16,769,769,1659,1698,1642
11.06.2020 15:41:17,761,757,1631,1664,1596
11.06.2020 15:41:18,775,775,1674,1692,1651
11.06.2020 15:41:19,770,770,1664,1687,1653
11.06.2020 15:41:20,768,769,1660,1677,1632
11.06.2020 15:41:21,780,777,1711,1712,1664
11.06.2020 15:41:22,772,772,1691,1704,1660
11.06.2020 15:41:23,781,770,1685,1690,1648
11.06.2020 15:41:24,766,763,1645,1664,1637
11.06.2020 15:41:25,766,765,1669,1676,1624
11.06.2020 15:41:27,776,768,1696,1682,1679
11.06.2020 15:41:28,771,769,1687,1685,1633
11.06.2020 15:41:29,779,774,1686,1702,1691
11.06.2020 15:41:30,772,769,1681,1689,1688
11.06.2020 15:41:31,770,764,1664,1682,1691
11.06.2020 15:41:32,777,782,1707,1685,1683
11.06.2020 15:41:33,771,770,1700,1689,1692
11.06.2020 15:41:34,774,773,1693,1691,1664
11.06.2020 15:41:35,763,763,1667,1661,1661
11.06.2020 15:41:36,767,763,1700,1675,1660
11.06.2020 15:41:37,777,772,1715,1698,1706
11.06.2020 15:41:38,769,763,1665,1665,1679
11.06.2020 15:41:39,772,769,1707,1696,1689
11.06.2020 15:41:40,771,765,1693,1686,1683
11.06.2020 15:41:42,778,773,1710,1689,1709
11.06.2020 15:41:43,773,761,1675,1655,1708
11.06.2020 15:41:44,770,768,1705,1682,1728
11.06.2020 15:41:45,767,764,1687,1679,1697
11.06.2020 15:41:46,772,768,1712,1684,1740
11.06.2020 15:41:47,771,766,1680,1662,1737
11.06.2020 15:41:48,774,778,1711,1682,1749
11.06.2020 15:41:49,769,774,1685,1680,1708
11.06.2020 15:41:50,761,763,1650,1651,1706
11.06.2020 15:41:51,778,775,1702,1682,1712
11.06.2020 15:41:52,777,779,1694,1691,1718
11.06.2020 15:41:53,784,776,1724,1695,1756
11.06.2020 15:41:54,779,772,1699,1694,1776
11.06.2020 15:41:56,774,766,1713,1688,1743
11.06.2020 15:41:57,764,764,1666,1648,1720
11.06.2020 15:41:58,767,764,1684,1677,1761
11.06.2020 15:41:59,776,773,1702,1684,1767
11.06.2020 15:42:00,771,766,1706,1677,1788
11.06.2020 15:42:01,773,778,1714,1693,1764
11.06.2020 15:42:02,772,763,1700,1685,1754
11.06.2020 15:42:03,773,776,1707,1678,1744
11.06.2020 15:42:04,770,771,1685,1685,1782
11.06.2020 15:42:05,770,772,1692,1675,1784
11.06.2020 15:42:06,773,770,1700,1683,1787
11.06.2020 15:42:07,760,758,1679,1657,1745
11.06.2020 15:42:09,761,765,1668,1653,1766
11.06.2020 15:42:10,778,768,1715,1708,1810
11.06.2020 15:42:11,772,780,1679,1667,1775
11.06.2020 15:42:12,764,764,1687,1674,1755
11.06.2020 15:42:13,774,768,1705,1679,1776
11.06.2020 15:42:14,774,772,1667,1684,1794
11.06.2020 15:42:15,777,775,1705,1705,1791
11.06.2020 15:42:16,769,766,1691,1682,1788
11.06.2020 15:42:17,767,773,1686,1685,1770
11.06.2020 15:42:18,773,767,1689,1692,1780
11.06.2020 15:42:19,774,773,1696,1679,1754
11.06.2020 15:42:20,770,773,1677,1681,1754
11.06.2020 15:42:21,764,766,1683,1681,1744
11.06.2020 15:42:23,767,770,1666,1675,1743
11.06.2020 15:42:24,778,772,1712,1709,1780
11.06.2020 15:42:25,768,768,1697,1706,1753
11.06.2020 15:42:26,777,773,1672,1688,1730
11.06.2020 15:42:27,785,780,1711,1716,1815
11.06.2020 15:42:28,776,774,1711,1721,1787
11.06.2020 15:42:29,766,766,1683,1703,1757
11.06.2020 15:42:30,774,771,1698,1712,1755
11.06.2020 15:42:31,781,775,1704,1734,1765
11.06.2020 15:42:32,761,764,1663,1692,1715
11.06.2020 15:42:33,768,767,1666,1688,1723
11.06.2020 15:42:34,778,775,1680,1720,1762
11.06.2020 15:42:35,765,763,1669,1702,1747
11.06.2020 15:42:37,763,764,1668,1695,1708
11.06.2020 15:42:38,777,771,1716,1732,1751
11.06.2020 15:42:39,785,779,1734,1745,1778
11.06.2020 15:42:40,776,774,1718,1739,1758
11.06.2020 15:42:41,760,762,1688,1706,1735
11.06.2020 15:42:42,766,767,1667,1711,1697
11.06.2020 15:42:43,778,770,1717,1733,1757
11.06.2020 15:42:44,768,765,1686,1711,1705
11.06.2020 15:42:45,764,765,1678,1706,1708
11.06.2020 15:42:46,771,772,1705,1729,1707
11.06.2020 15:42:48,758,760,1670,1691,1678
11.06.2020 15:42:49,773,767,1710,1735,1725
11.06.2020 15:42:50,780,774,1741,1767,1742
11.06.2020 15:42:51,758,761,1657,1706,1661
11.06.2020 15:42:52,764,768,1675,1721,1674
11.06.2020 15:42:53,767,772,1704,1738,1687
11.06.2020 15:42:54,764,767,1674,1707,1656
11.06.2020 15:42:55,772,770,1696,1731,1698
11.06.2020 15:42:56,775,778,1704,1742,1687
11.06.2020 15:42:57,771,773,1686,1732,1677
11.06.2020 15:42:58,774,772,1695,1735,1670
11.06.2020 15:42:59,770,765,1706,1729,1655
11.06.2020 15:43:01,768,772,1693,1737,1642
11.06.2020 15:43:02,768,769,1696,1728,1653
11.06.2020 15:43:03,763,766,1683,1715,1611
11.06.2020 15:43:04,778,774,1716,1747,1652
11.06.2020 15:43:05,759,766,1663,1701,1613
11.06.2020 15:43:06,778,777,1736,1755,1639
11.06.2020 15:43:07,768,767,1684,1723,1640
11.06.2020 15:43:08,771,766,1699,1739,1632
11.06.2020 15:43:09,783,772,1729,1755,1663
11.06.2020 15:43:10,770,770,1695,1734,1641
11.06.2020 15:43:11,783,774,1752,1762,1658
11.06.2020 15:43:13,771,769,1706,1748,1622
11.06.2020 15:43:15,776,776,1732,1733,1648
11.06.2020 15:43:16,767,771,1707,1710,1621
11.06.2020 15:43:17,766,768,1682,1725,1626
11.06.2020 15:43:18,772,770,1706,1748,1635
11.06.2020 15:43:19,770,770,1694,1727,1615
11.06.2020 15:43:20,767,768,1669,1728,1602
11.06.2020 15:43:21,769,768,1698,1740,1620
11.06.2020 15:43:22,772,770,1705,1752,1645
11.06.2020 15:43:23,772,766,1706,1770,1654
11.06.2020 15:43:24,769,766,1717,1740,1609
11.06.2020 15:43:26,776,776,1717,1748,1640
11.06.2020 15:43:27,774,775,1698,1776,1660
11.06.2020 15:43:28,764,765,1691,1738,1620
11.06.2020 15:43:29,772,772,1697,1752,1635
11.06.2020 15:43:30,772,769,1700,1754,1675
11.06.2020 15:43:31,769,771,1715,1761,1658
11.06.2020 15:43:32,774,770,1731,1740,1675
11.06.2020 15:43:33,768,768,1715,1764,1647
11.06.2020 15:43:34,773,764,1720,1780,1695
11.06.2020 15:43:35,773,773,1674,1759,1671
11.06.2020 15:43:36,770,772,1693,1755,1683
11.06.2020 15:43:37,770,767,1701,1759,1672
11.06.2020 15:43:38,766,766,1686,1768,1681
11.06.2020 15:43:40,768,765,1693,1781,1688
11.06.2020 15:43:41,765,770,1693,1752,1687
11.06.2020 15:43:42,760,758,1656,1750,1661
11.06.2020 15:43:43,773,771,1662,1745,1689
11.06.2020 15:43:44,767,764,1677,1745,1681
11.06.2020 15:43:45,770,768,1686,1745,1689
11.06.2020 15:43:46,763,765,1668,1732,1659
11.06.2020 15:43:47,776,774,1690,1764,1691
11.06.2020 15:43:48,770,767,1666,1744,1696
11.06.2020 15:43:49,772,772,1690,1751,1689
11.06.2020 15:43:50,781,779,1700,1769,1721
11.06.2020 15:43:51,775,774,1696,1764,1709
11.06.2020 15:43:52,774,770,1670,1743,1719
11.06.2020 15:43:54,769,771,1668,1763,1697
11.06.2020 15:43:55,772,770,1682,1758,1705
11.06.2020 15:43:56,767,764,1654,1752,1687
11.06.2020 15:43:57,778,781,1688,1783,1730
11.06.2020 15:43:58,775,769,1661,1765,1717
11.06.2020 15:43:59,766,766,1671,1747,1699
11.06.2020 15:44:00,766,764,1671,1742,1694
11.06.2020 15:44:01,766,760,1664,1734,1720
11.06.2020 15:44:02,776,771,1671,1765,1727
11.06.2020 15:44:03,770,774,1679,1782,1712
11.06.2020 15:44:04,765,770,1646,1743,1701
11.06.2020 15:44:05,769,765,1639,1760,1699
11.06.2020 15:44:07,773,769,1660,1752,1749
11.06.2020 15:44:08,780,772,1671,1775,1757
11.06.2020 15:44:09,766,774,1647,1745,1718
11.06.2020 15:44:10,760,761,1606,1726,1703
11.06.2020 15:44:11,767,762,1629,1725,1712
11.06.2020 15:44:12,768,769,1645,1743,1724
11.06.2020 15:44:13,777,778,1670,1762,1773
11.06.2020 15:44:14,766,764,1649,1741,1758
11.06.2020 15:44:15,765,769,1616,1721,1715
11.06.2020 15:44:16,772,765,1656,1771,1771
11.06.2020 15:44:17,764,769,1628,1696,1743
11.06.2020 15:44:18,769,769,1630,1720,1755
11.06.2020 15:44:20,765,765,1630,1746,1729
11.06.2020 15:44:21,772,770,1635,1756,1774
11.06.2020 15:44:22,776,775,1655,1755,1754
11.06.2020 15:44:23,774,770,1651,1768,1806
11.06.2020 15:44:24,774,773,1641,1748,1775
11.06.2020 15:44:25,767,768,1643,1761,1767
11.06.2020 15:44:26,765,766,1605,1739,1734
11.06.2020 15:44:27,773,776,1642,1751,1781
11.06.2020 15:44:28,772,769,1639,1749,1745
11.06.2020 15:44:29,773,770,1636,1759,1772
11.06.2020 15:44:30,776,773,1634,1757,1815
11.06.2020 15:44:31,770,774,1630,1734,1788
11.06.2020 15:44:32,771,774,1614,1752,1745
11.06.2020 15:44:34,770,769,1620,1743,1775
11.06.2020 15:44:35,777,770,1648,1737,1786
11.06.2020 15:44:36,766,763,1597,1731,1744
11.06.2020 15:44:37,779,781,1641,1768,1787
11.06.2020 15:44:38,770,768,1616,1743,1758
11.06.2020 15:44:39,766,769,1612,1756,1754
11.06.2020 15:44:40,780,773,1611,1738,1771
11.06.2020 15:44:41,770,765,1617,1764,1752
11.06.2020 15:44:42,769,772,1617,1758,1771
11.06.2020 15:44:43,769,764,1613,1757,1749
11.06.2020 15:44:44,770,770,1593,1729,1757
11.06.2020 15:44:45,768,764,1589,1717,1749
11.06.2020 15:44:46,766,773,1583,1725,1731
11.06.2020 15:44:47,765,764,1582,1719,1736
11.06.2020 15:44:49,759,764,1564,1697,1719
11.06.2020 15:44:50,764,762,1560,1728,1719
11.06.2020 15:44:51,775,771,1620,1757,1750
11.06.2020 15:44:52,782,773,1616,1768,1758
11.06.2020 15:44:53,774,769,1597,1731,1733
11.06.2020 15:44:54,775,772,1590,1743,1740
11.06.2020 15:44:55,778,778,1618,1728,1753
11.06.2020 15:44:56,763,763,1571,1700,1699
11.06.2020 15:44:57,769,766,1582,1741,1714
11.06.2020 15:44:58,781,775,1624,1763,1748
11.06.2020 15:44:59,782,778,1630,1779,1727
11.06.2020 15:45:00,775,776,1616,1762,1741
11.06.2020 15:45:01,772,778,1592,1703,1698
11.06.2020 15:45:03,772,766,1598,1725,1702
11.06.2020 15:45:04,770,770,1583,1730,1697
11.06.2020 15:45:05,763,767,1565,1720,1678
11.06.2020 15:45:06,762,770,1561,1725,1680
11.06.2020 15:45:07,778,776,1594,1757,1697
11.06.2020 15:45:08,770,771,1575,1670,1670
11.06.2020 15:45:09,772,771,1599,1748,1673
11.06.2020 15:45:10,766,765,1571,1704,1661
11.06.2020 15:45:11,773,772,1586,1731,1662
11.06.2020 15:45:12,770,769,1586,1740,1664
11.06.2020 15:45:13,777,780,1604,1787,1680
11.06.2020 15:45:14,776,770,1584,1727,1642
11.06.2020 15:45:15,777,771,1596,1734,1660
11.06.2020 15:45:16,770,767,1569,1721,1649
11.06.2020 15:45:18,768,765,1564,1700,1624
11.06.2020 15:45:19,768,767,1577,1717,1625
11.06.2020 15:45:20,778,774,1582,1726,1646
11.06.2020 15:45:21,765,769,1555,1707,1618
11.06.2020 15:45:22,777,774,1604,1725,1633
11.06.2020 15:45:23,767,771,1570,1697,1608
11.06.2020 15:45:24,782,778,1592,1710,1624
11.06.2020 15:45:25,787,781,1610,1748,1649
11.06.2020 15:45:26,764,758,1553,1686,1588
11.06.2020 15:45:27,777,779,1596,1724,1636
11.06.2020 15:45:28,780,771,1600,1730,1633
11.06.2020 15:45:29,781,774,1595,1728,1622
11.06.2020 15:45:30,773,765,1579,1682,1616
11.06.2020 15:45:31,771,768,1559,1694,1610
11.06.2020 15:45:33,767,764,1570,1678,1604
11.06.2020 15:45:34,766,768,1565,1669,1606
11.06.2020 15:45:35,781,776,1611,1714,1644
11.06.2020 15:45:36,766,764,1567,1684,1610
11.06.2020 15:45:37,767,765,1570,1674,1609
11.06.2020 15:45:38,769,770,1590,1707,1617
11.06.2020 15:45:39,772,773,1594,1704,1618
11.06.2020 15:45:40,763,768,1582,1669,1606
11.06.2020 15:45:41,771,766,1576,1677,1600
11.06.2020 15:45:42,775,776,1611,1696,1643
11.06.2020 15:45:43,765,759,1567,1671,1604
11.06.2020 15:45:44,771,770,1572,1681,1621
11.06.2020 15:45:45,771,774,1605,1688,1656
11.06.2020 15:45:47,766,764,1571,1688,1621
11.06.2020 15:45:48,768,764,1569,1690,1605
11.06.2020 15:45:49,770,769,1599,1686,1639
11.06.2020 15:45:50,772,772,1594,1684,1620
11.06.2020 15:45:51,763,766,1583,1672,1643
11.06.2020 15:45:52,776,772,1604,1695,1657
11.06.2020 15:45:53,773,774,1603,1690,1677
11.06.2020 15:45:54,773,772,1603,1693,1672
11.06.2020 15:45:55,763,762,1558,1649,1597
11.06.2020 15:45:56,774,776,1603,1685,1681
11.06.2020 15:45:57,768,770,1589,1678,1686
11.06.2020 15:45:58,770,772,1602,1680,1657
11.06.2020 15:45:59,776,768,1617,1687,1680
11.06.2020 15:46:00,773,771,1626,1676,1697
11.06.2020 15:46:01,771,772,1613,1661,1677
11.06.2020 15:46:03,773,771,1615,1692,1673
11.06.2020 15:46:04,770,769,1611,1679,1664
11.06.2020 15:46:05,779,774,1640,1721,1743
11.06.2020 15:46:06,761,758,1603,1661,1650
11.06.2020 15:46:07,779,776,1621,1698,1715
11.06.2020 15:46:08,769,767,1610,1656,1690
11.06.2020 15:46:09,780,774,1630,1685,1712
11.06.2020 15:46:10,783,776,1647,1699,1715
11.06.2020 15:46:11,781,779,1648,1691,1732
11.06.2020 15:46:12,777,777,1630,1683,1714
11.06.2020 15:46:13,765,766,1596,1649,1692
11.06.2020 15:46:14,768,767,1628,1673,1704
11.06.2020 15:46:15,774,775,1645,1655,1727
11.06.2020 15:46:17,772,769,1638,1689,1732
11.06.2020 15:46:18,765,758,1617,1652,1708
11.06.2020 15:46:19,765,764,1622,1661,1710
11.06.2020 15:46:20,779,776,1649,1687,1751
11.06.2020 15:46:21,775,773,1631,1660,1738
11.06.2020 15:46:22,774,770,1655,1675,1721
11.06.2020 15:46:23,775,773,1641,1688,1748
11.06.2020 15:46:24,769,768,1655,1689,1718
11.06.2020 15:46:25,772,772,1635,1653,1757
11.06.2020 15:46:26,766,763,1632,1679,1724
11.06.2020 15:46:27,768,773,1642,1682,1738
11.06.2020 15:46:28,768,770,1651,1664,1739
11.06.2020 15:46:29,770,768,1654,1674,1743
11.06.2020 15:46:31,774,770,1669,1681,1744
11.06.2020 15:46:32,776,774,1681,1689,1725
11.06.2020 15:46:33,768,769,1641,1660,1734
11.06.2020 15:46:34,779,779,1679,1689,1766
11.06.2020 15:46:35,769,768,1653,1663,1760
11.06.2020 15:46:36,771,766,1653,1668,1754
11.06.2020 15:46:37,770,766,1654,1659,1768
11.06.2020 15:46:38,766,765,1650,1647,1747
11.06.2020 15:46:39,774,768,1675,1671,1777
11.06.2020 15:46:40,768,769,1645,1645,1720
11.06.2020 15:46:41,770,769,1661,1680,1770
11.06.2020 15:46:43,770,763,1659,1664,1724
11.06.2020 15:46:44,761,755,1629,1626,1765
11.06.2020 15:46:45,767,763,1637,1652,1752
11.06.2020 15:46:46,769,772,1665,1598,1747
11.06.2020 15:46:47,768,767,1634,1658,1751
11.06.2020 15:46:48,768,773,1654,1658,1744
11.06.2020 15:46:49,781,772,1683,1672,1758
11.06.2020 15:46:50,760,762,1615,1626,1706
11.06.2020 15:46:51,762,766,1634,1633,1710
11.06.2020 15:46:52,772,770,1658,1653,1758
11.06.2020 15:46:53,777,775,1659,1661,1729
11.06.2020 15:46:54,770,767,1627,1644,1752
11.06.2020 15:46:55,774,768,1656,1644,1737
11.06.2020 15:46:56,774,771,1662,1658,1767
11.06.2020 15:46:58,770,766,1661,1652,1731
11.06.2020 15:46:59,788,779,1691,1699,1763
11.06.2020 15:47:00,772,777,1677,1674,1720
11.06.2020 15:47:02,774,775,1645,1659,1741
11.06.2020 15:47:03,779,774,1666,1678,1737
11.06.2020 15:47:04,772,767,1619,1645,1716
11.06.2020 15:47:05,767,761,1611,1643,1714
11.06.2020 15:47:06,763,766,1659,1640,1688
11.06.2020 15:47:07,760,757,1622,1631,1644
11.06.2020 15:47:08,772,771,1633,1645,1701
11.06.2020 15:47:09,778,774,1634,1641,1689
11.06.2020 15:47:10,768,771,1633,1626,1674
11.06.2020 15:47:11,761,765,1629,1617,1666
11.06.2020 15:47:13,765,767,1620,1625,1674
11.06.2020 15:47:14,778,783,1669,1661,1685
11.06.2020 15:47:15,766,766,1627,1615,1617
11.06.2020 15:47:16,761,762,1608,1633,1648
11.06.2020 15:47:17,762,762,1609,1604,1640
11.06.2020 15:47:18,766,764,1626,1628,1636
11.06.2020 15:47:19,765,766,1601,1632,1652
11.06.2020 15:47:20,762,763,1611,1629,1601
11.06.2020 15:47:21,761,761,1606,1599,1617
11.06.2020 15:47:22,769,767,1625,1636,1609
11.06.2020 15:47:23,768,766,1601,1635,1629
11.06.2020 15:47:24,772,772,1642,1667,1607
11.06.2020 15:47:25,761,763,1612,1633,1588
11.06.2020 15:47:26,769,770,1628,1660,1633
11.06.2020 15:47:28,771,770,1628,1658,1619
11.06.2020 15:47:29,770,764,1626,1646,1625
11.06.2020 15:47:30,767,766,1623,1646,1612
11.06.2020 15:47:31,767,769,1627,1628,1624
11.06.2020 15:47:32,772,776,1632,1656,1614
11.06.2020 15:47:33,771,766,1624,1650,1621
11.06.2020 15:47:34,771,770,1621,1648,1628
11.06.2020 15:47:35,758,765,1622,1635,1580
11.06.2020 15:47:36,768,767,1619,1667,1614
11.06.2020 15:47:37,784,777,1667,1702,1654
11.06.2020 15:47:38,777,770,1651,1670,1607
11.06.2020 15:47:39,769,770,1630,1662,1615
11.06.2020 15:47:41,764,760,1606,1631,1618
11.06.2020 15:47:42,764,760,1595,1626,1617
11.06.2020 15:47:43,774,770,1651,1667,1637
11.06.2020 15:47:44,767,763,1606,1640,1619
11.06.2020 15:47:45,783,780,1665,1680,1659
11.06.2020 15:47:46,768,766,1635,1664,1615
11.06.2020 15:47:47,773,770,1623,1671,1656
11.06.2020 15:47:48,760,762,1616,1633,1589
11.06.2020 15:47:49,774,764,1636,1674,1661
11.06.2020 15:47:50,771,767,1635,1656,1652
11.06.2020 15:47:52,766,772,1625,1660,1646
11.06.2020 15:47:53,762,765,1621,1638,1621
11.06.2020 15:47:54,771,764,1631,1668,1641
11.06.2020 15:47:55,769,773,1623,1660,1611
11.06.2020 15:47:56,774,770,1641,1671,1660
11.06.2020 15:47:57,773,767,1622,1660,1651
11.06.2020 15:47:59,773,772,1637,1643,1657
11.06.2020 15:48:00,763,762,1598,1621,1640
11.06.2020 15:48:01,777,777,1644,1678,1658
11.06.2020 15:48:02,769,768,1624,1637,1654
11.06.2020 15:48:03,764,767,1600,1624,1655
11.06.2020 15:48:04,770,769,1608,1638,1664
11.06.2020 15:48:05,768,763,1629,1618,1673
11.06.2020 15:48:06,775,771,1640,1647,1689
11.06.2020 15:48:07,770,766,1635,1656,1683
11.06.2020 15:48:08,777,774,1650,1652,1709
11.06.2020 15:48:09,773,764,1619,1643,1677
11.06.2020 15:48:10,774,768,1653,1661,1697
11.06.2020 15:48:11,760,759,1606,1615,1668
11.06.2020 15:48:13,760,762,1598,1619,1675
11.06.2020 15:48:14,760,767,1605,1621,1651
11.06.2020 15:48:15,766,763,1635,1642,1693
11.06.2020 15:48:16,767,769,1607,1624,1689
11.06.2020 15:48:17,763,760,1600,1624,1679
11.06.2020 15:48:18,773,772,1609,1646,1675
11.06.2020 15:48:19,759,761,1605,1612,1674
11.06.2020 15:48:20,767,766,1601,1622,1673
11.06.2020 15:48:21,773,774,1621,1651,1738
11.06.2020 15:48:22,763,763,1598,1624,1702
11.06.2020 15:48:23,768,771,1611,1642,1697
11.06.2020 15:48:24,762,759,1599,1634,1693
11.06.2020 15:48:25,767,766,1624,1639,1706
11.06.2020 15:48:27,769,768,1630,1659,1720
11.06.2020 15:48:28,776,776,1634,1668,1727
11.06.2020 15:48:29,771,772,1623,1653,1733
11.06.2020 15:48:30,775,770,1628,1658,1731
11.06.2020 15:48:31,773,761,1616,1638,1719
11.06.2020 15:48:32,775,766,1616,1654,1743
11.06.2020 15:48:33,760,762,1566,1624,1677
11.06.2020 15:48:34,765,762,1580,1620,1723
11.06.2020 15:48:35,776,766,1610,1667,1729
11.06.2020 15:48:36,779,768,1628,1671,1760
11.06.2020 15:48:37,769,760,1605,1655,1732
11.06.2020 15:48:38,772,770,1642,1665,1734
11.06.2020 15:48:39,763,764,1609,1616,1744
11.06.2020 15:48:41,767,765,1593,1641,1716
11.06.2020 15:48:42,775,774,1623,1670,1736
11.06.2020 15:48:43,761,763,1595,1639,1659
11.06.2020 15:48:44,767,773,1619,1649,1732
11.06.2020 15:48:45,768,769,1626,1668,1748
11.06.2020 15:48:46,759,756,1601,1645,1738
11.06.2020 15:48:47,763,761,1613,1652,1737
11.06.2020 15:48:48,764,759,1594,1633,1732
11.06.2020 15:48:49,771,772,1630,1662,1765
11.06.2020 15:48:50,766,764,1621,1647,1715
11.06.2020 15:48:51,773,772,1658,1691,1768
11.06.2020 15:48:52,764,766,1602,1648,1739
11.06.2020 15:48:53,765,764,1596,1644,1709
11.06.2020 15:48:54,769,767,1621,1657,1733
11.06.2020 15:48:56,756,759,1616,1647,1717
11.06.2020 15:48:57,769,767,1635,1657,1781
11.06.2020 15:48:58,763,764,1627,1671,1733
11.06.2020 15:48:59,762,757,1627,1666,1737
11.06.2020 15:49:00,775,770,1659,1693,1758
11.06.2020 15:49:01,765,767,1607,1668,1710
11.06.2020 15:49:02,770,767,1627,1658,1717
11.06.2020 15:49:03,762,764,1628,1651,1751
11.06.2020 15:49:04,770,767,1627,1665,1740
11.06.2020 15:49:05,770,763,1626,1660,1729
11.06.2020 15:49:06,758,761,1609,1639,1672
11.06.2020 15:49:07,766,768,1635,1686,1716
11.06.2020 15:49:08,776,777,1659,1684,1730
11.06.2020 15:49:10,766,765,1638,1673,1724
11.06.2020 15:49:11,768,768,1645,1677,1739
11.06.2020 15:49:12,772,767,1643,1671,1715
11.06.2020 15:49:13,772,767,1656,1680,1734
11.06.2020 15:49:14,765,765,1639,1671,1703
11.06.2020 15:49:15,770,769,1642,1671,1702
11.06.2020 15:49:16,766,762,1652,1687,1697
11.06.2020 15:49:17,770,764,1654,1681,1700
11.06.2020 15:49:18,766,761,1628,1666,1671
11.06.2020 15:49:19,761,762,1650,1680,1668
11.06.2020 15:49:20,768,765,1662,1692,1687
11.06.2020 15:49:21,762,768,1638,1671,1664
11.06.2020 15:49:22,768,763,1656,1682,1689
11.06.2020 15:49:24,762,764,1628,1653,1649
11.06.2020 15:49:25,759,760,1646,1661,1643
11.06.2020 15:49:26,757,765,1625,1642,1623
11.06.2020 15:49:27,766,766,1662,1688,1656
11.06.2020 15:49:28,761,764,1660,1669,1612
11.06.2020 15:49:29,761,763,1653,1671,1645
11.06.2020 15:49:30,760,760,1637,1653,1595
11.06.2020 15:49:31,764,757,1649,1678,1622
11.06.2020 15:49:32,764,752,1673,1695,1625
11.06.2020 15:49:33,756,755,1631,1654,1570
11.06.2020 15:49:34,765,772,1671,1669,1620
11.06.2020 15:49:35,765,769,1658,1668,1602
11.06.2020 15:49:37,771,774,1666,1685,1612
11.06.2020 15:49:38,768,768,1685,1707,1624
11.06.2020 15:49:39,762,763,1648,1662,1577
11.06.2020 15:49:40,762,766,1667,1667,1594
11.06.2020 15:49:41,762,763,1659,1682,1606
11.06.2020 15:49:43,772,767,1668,1689,1608
11.06.2020 15:49:44,776,773,1689,1670,1635
11.06.2020 15:49:45,763,764,1677,1673,1597
11.06.2020 15:49:46,760,758,1662,1674,1575
11.06.2020 15:49:47,751,752,1650,1652,1561
11.06.2020 15:49:48,760,761,1675,1672,1584
11.06.2020 15:49:49,765,760,1674,1689,1576
11.06.2020 15:49:50,768,765,1655,1680,1598
11.06.2020 15:49:52,765,761,1662,1666,1589
11.06.2020 15:49:53,768,764,1674,1675,1597
11.06.2020 15:49:54,762,759,1673,1675,1599
11.06.2020 15:49:55,758,758,1679,1680,1603
11.06.2020 15:49:56,765,768,1683,1689,1597
11.06.2020 15:49:57,780,769,1698,1699,1612
11.06.2020 15:49:58,754,758,1656,1647,1577
11.06.2020 15:49:59,755,765,1658,1659,1590
11.06.2020 15:50:00,751,753,1635,1647,1586
11.06.2020 15:50:01,758,757,1650,1679,1576
11.06.2020 15:50:05,763,763,1667,1684,1622
11.06.2020 15:50:06,767,770,1668,1672,1642
11.06.2020 15:50:07,762,762,1669,1686,1628
11.06.2020 15:50:08,769,767,1687,1708,1650
11.06.2020 15:50:09,759,756,1641,1667,1617
11.06.2020 15:50:10,760,760,1668,1691,1645
11.06.2020 15:50:11,769,771,1678,1693,1656
11.06.2020 15:50:12,752,757,1642,1660,1594
11.06.2020 15:50:13,776,772,1694,1720,1679
11.06.2020 15:50:15,762,758,1637,1694,1634
11.06.2020 15:50:16,775,766,1658,1709,1673
11.06.2020 15:50:17,765,766,1654,1682,1653
11.06.2020 15:50:18,759,755,1649,1698,1645
11.06.2020 15:50:19,763,763,1636,1709,1678
11.06.2020 15:50:20,761,764,1617,1677,1660
11.06.2020 15:50:21,761,755,1622,1688,1633
11.06.2020 15:50:22,763,759,1634,1695,1668
11.06.2020 15:50:23,763,764,1645,1703,1689
11.06.2020 15:50:24,758,758,1630,1677,1647
11.06.2020 15:50:25,762,758,1628,1696,1673
11.06.2020 15:50:27,752,755,1612,1669,1642
11.06.2020 15:50:28,755,757,1643,1695,1658
11.06.2020 15:50:29,767,756,1636,1696,1701
11.06.2020 15:50:30,760,763,1643,1712,1701
11.06.2020 15:50:31,761,759,1625,1700,1686
11.06.2020 15:50:32,763,759,1654,1701,1704
11.06.2020 15:50:33,767,765,1649,1718,1706
11.06.2020 15:50:34,761,756,1613,1668,1668
11.06.2020 15:50:35,757,753,1611,1662,1663
11.06.2020 15:50:36,763,760,1634,1710,1697
11.06.2020 15:50:37,759,760,1644,1689,1687
11.06.2020 15:50:39,756,753,1643,1700,1692
11.06.2020 15:50:40,754,753,1618,1669,1685
11.06.2020 15:50:41,761,758,1632,1697,1698
11.06.2020 15:50:42,758,753,1631,1679,1694
11.06.2020 15:50:43,760,764,1655,1703,1714
11.06.2020 15:50:44,761,763,1652,1707,1709
11.06.2020 15:50:45,760,764,1652,1687,1714
11.06.2020 15:50:46,748,750,1618,1660,1672
11.06.2020 15:50:47,759,760,1642,1694,1708
11.06.2020 15:50:48,759,754,1638,1698,1707
11.06.2020 15:50:49,767,759,1664,1711,1733
11.06.2020 15:50:50,764,759,1672,1715,1720
11.06.2020 15:50:51,759,758,1641,1687,1717
11.06.2020 15:50:53,753,753,1644,1705,1712
11.06.2020 15:50:54,770,770,1671,1717,1740
11.06.2020 15:50:55,749,755,1597,1658,1709
11.06.2020 15:50:56,759,755,1639,1698,1706
11.06.2020 15:50:57,761,757,1649,1695,1714
11.06.2020 15:50:58,759,761,1635,1702,1725
11.06.2020 15:50:59,767,765,1676,1710,1756
11.06.2020 15:51:00,768,763,1673,1692,1720
11.06.2020 15:51:01,761,759,1652,1702,1711
11.06.2020 15:51:02,771,770,1678,1701,1746
11.06.2020 15:51:03,763,757,1635,1688,1709
11.06.2020 15:51:04,756,757,1628,1660,1705
11.06.2020 15:51:05,766,760,1647,1713,1731
11.06.2020 15:51:07,756,756,1631,1672,1710
11.06.2020 15:51:08,763,764,1666,1707,1753
11.06.2020 15:51:09,748,750,1620,1672,1669
11.06.2020 15:51:10,766,759,1677,1698,1716
11.06.2020 15:51:11,763,751,1648,1688,1716
11.06.2020 15:51:12,762,760,1658,1690,1741
11.06.2020 15:51:13,761,762,1653,1687,1721
11.06.2020 15:51:14,764,761,1659,1706,1750
11.06.2020 15:51:15,770,766,1682,1699,1730
11.06.2020 15:51:16,761,758,1657,1684,1707
11.06.2020 15:51:17,770,767,1688,1699,1716
11.06.2020 15:51:18,772,767,1669,1703,1711
11.06.2020 15:51:19,760,755,1629,1689,1710
11.06.2020 15:51:20,744,752,1593,1646,1668
11.06.2020 15:51:22,764,761,1654,1681,1701
11.06.2020 15:51:23,761,765,1670,1697,1698
11.06.2020 15:51:24,757,760,1667,1697,1693
11.06.2020 15:51:25,767,769,1676,1703,1712
11.06.2020 15:51:26,750,748,1638,1648,1656
11.06.2020 15:51:27,761,764,1659,1681,1711
11.06.2020 15:51:28,758,758,1637,1671,1697
11.06.2020 15:51:29,756,752,1628,1663,1685
11.06.2020 15:51:30,762,760,1640,1661,1703
11.06.2020 15:51:31,760,762,1655,1677,1669
11.06.2020 15:51:32,751,756,1630,1654,1670
11.06.2020 15:51:33,772,764,1663,1657,1734
11.06.2020 15:51:34,763,762,1631,1656,1690
11.06.2020 15:51:36,766,762,1662,1680,1694
11.06.2020 15:51:37,768,756,1623,1680,1696
11.06.2020 15:51:38,749,753,1622,1643,1648
11.06.2020 15:51:39,764,757,1646,1667,1666
11.06.2020 15:51:40,759,756,1625,1649,1696
